Letter,Image Path
ا,arabic_font_images/ا.png
ب,arabic_font_images/ب.png
ت,arabic_font_images/ت.png
ث,arabic_font_images/ث.png
ج,arabic_font_images/ج.png
ح,arabic_font_images/ح.png
خ,arabic_font_images/خ.png
د,arabic_font_images/د.png
ذ,arabic_font_images/ذ.png
ر,arabic_font_images/ر.png
ز,arabic_font_images/ز.png
س,arabic_font_images/س.png
ش,arabic_font_images/ش.png
ص,arabic_font_images/ص.png
ض,arabic_font_images/ض.png
ط,arabic_font_images/ط.png
ظ,arabic_font_images/ظ.png
ع,arabic_font_images/ع.png
غ,arabic_font_images/غ.png
ف,arabic_font_images/ف.png
ق,arabic_font_images/ق.png
ك,arabic_font_images/ك.png
ل,arabic_font_images/ل.png
م,arabic_font_images/م.png
ن,arabic_font_images/ن.png
هـ,arabic_font_images/هـ.png
و,arabic_font_images/و.png
ي,arabic_font_images/ي.png
أسد,arabic_font_images/أسد.png
كتاب,arabic_font_images/كتاب.png
مدرسة,arabic_font_images/مدرسة.png
شجرة,arabic_font_images/شجرة.png
قمر,arabic_font_images/قمر.png
نجمة,arabic_font_images/نجمة.png
سفينة,arabic_font_images/سفينة.png
مدينة,arabic_font_images/مدينة.png
سيارة,arabic_font_images/سيارة.png
طائرة,arabic_font_images/طائرة.png
بقالة,arabic_font_images/بقالة.png
مستشفى,arabic_font_images/مستشفى.png
مكتبة,arabic_font_images/مكتبة.png
جامعة,arabic_font_images/جامعة.png
طعام,arabic_font_images/طعام.png
شراب,arabic_font_images/شراب.png
بيت,arabic_font_images/بيت.png
جبل,arabic_font_images/جبل.png
شاطئ,arabic_font_images/شاطئ.png
مطار,arabic_font_images/مطار.png
كرة,arabic_font_images/كرة.png
حذاء,arabic_font_images/حذاء.png
ملعب,arabic_font_images/ملعب.png
قطار,arabic_font_images/قطار.png
موسيقى,arabic_font_images/موسيقى.png
فن,arabic_font_images/فن.png
رسم,arabic_font_images/رسم.png
حيوان,arabic_font_images/حيوان.png
قلم,arabic_font_images/قلم.png
دفتر,arabic_font_images/دفتر.png
مغسلة,arabic_font_images/مغسلة.png
شباك,arabic_font_images/شباك.png
باب,arabic_font_images/باب.png
مفتاح,arabic_font_images/مفتاح.png
ساعة,arabic_font_images/ساعة.png
قهوة,arabic_font_images/قهوة.png
شاي,arabic_font_images/شاي.png
خبز,arabic_font_images/خبز.png
حليب,arabic_font_images/حليب.png
عصير,arabic_font_images/عصير.png
فواكه,arabic_font_images/فواكه.png
خضروات,arabic_font_images/خضروات.png
لعبة,arabic_font_images/لعبة.png
فستان,arabic_font_images/فستان.png
بطيخ,arabic_font_images/بطيخ.png
تفاح,arabic_font_images/تفاح.png
موز,arabic_font_images/موز.png
عنب,arabic_font_images/عنب.png
كعك,arabic_font_images/كعك.png
حلوى,arabic_font_images/حلوى.png
لحم,arabic_font_images/لحم.png
دجاج,arabic_font_images/دجاج.png
سمك,arabic_font_images/سمك.png
أرز,arabic_font_images/أرز.png
شعير,arabic_font_images/شعير.png
زبدة,arabic_font_images/زبدة.png
عسل,arabic_font_images/عسل.png
زيت,arabic_font_images/زيت.png
ملح,arabic_font_images/ملح.png
سكر,arabic_font_images/سكر.png
منزل,arabic_font_images/منزل.png
حديقة,arabic_font_images/حديقة.png
مكتب,arabic_font_images/مكتب.png
سيارة,arabic_font_images/سيارة.png
جهاز,arabic_font_images/جهاز.png
مذكرة,arabic_font_images/مذكرة.png
كاميرا,arabic_font_images/كاميرا.png
تلفاز,arabic_font_images/تلفاز.png
راديو,arabic_font_images/راديو.png
مروحة,arabic_font_images/مروحة.png
سخان,arabic_font_images/سخان.png
ثلاجة,arabic_font_images/ثلاجة.png
غسالة,arabic_font_images/غسالة.png
خزانة,arabic_font_images/خزانة.png
طاولة,arabic_font_images/طاولة.png
كرسي,arabic_font_images/كرسي.png
سرير,arabic_font_images/سرير.png
سجاد,arabic_font_images/سجاد.png
ستارة,arabic_font_images/ستارة.png
مروحة,arabic_font_images/مروحة.png
حقيبة,arabic_font_images/حقيبة.png
كتاب,arabic_font_images/كتاب.png
جريدة,arabic_font_images/جريدة.png
مجلة,arabic_font_images/مجلة.png
قصة,arabic_font_images/قصة.png
شعر,arabic_font_images/شعر.png
نص,arabic_font_images/نص.png
مقالة,arabic_font_images/مقالة.png
رواية,arabic_font_images/رواية.png
فصول,arabic_font_images/فصول.png
